instance_id,class
4991,1
346,0
36553,0
37171,0
35674,0
16398,0
12255,0
2269,1
11476,0
13193,1
14037,1
8573,1
38826,0
32913,0
19470,1
4751,0
37853,0
19868,1
43225,0
15416,1
32403,0
18679,1
8981,1
20637,1
39418,0
7638,1
2338,1
41891,0
31429,0
17637,1
4651,1
15201,1
35563,0
33413,0
36746,0
27301,0
27299,0
42026,0
26397,0
33263,0
21166,1
22996,1
40734,0
17746,1
42895,0
413,1
2493,1
5100,0
40765,0
10826,0
6583,1
40746,0
1075,1
41764,0
14023,1
44753,0
36419,0
17656,1
19782,0
9112,1
14502,1
25861,0
14740,1
23882,1
12622,1
23571,0
35900,0
35854,0
20118,1
38124,0
36187,0
32493,0
2371,1
3380,1
25669,0
34589,0
37768,0
22853,1
3631,1
1196,1
28777,0
309,1
34887,0
10456,1
31268,0
10664,1
30064,0
18251,1
22926,0
24882,1
18565,0
18978,0
44408,0
17182,1
36560,0
36628,0
3228,1
15711,1
37563,0
37468,0
5541,1
43784,0
20689,0
906,1
18067,0
13085,1
127,1
34953,0
24380,1
35566,0
28339,0
9553,1
21720,1
8155,0
43175,0
40805,0
22034,0
25975,0
38878,0
9095,0
4737,1
37309,0
43518,0
41980,0
38195,0
25069,0
21472,1
39837,0
20538,1
20600,1
21754,1
11196,1
17247,1
8047,1
8157,1
37507,0
8941,1
25968,0
14128,1
33536,0
39247,0
19326,1
26728,0
24035,1
2100,1
23981,1
3353,1
26023,0
38926,0
1866,1
5626,1
1530,1
5525,1
25122,0
40733,0
44870,0
8900,1
43644,0
33559,0
2768,1
42372,0
35999,0
23318,1
19388,1
18983,0
34824,0
38359,0
13864,1
17077,1
36009,0
13626,1
45271,0
42039,0
36252,0
14573,1
32405,0
24942,1
6624,1
10370,0
753,0
17485,1
17977,1
33816,0
8052,1
14385,1
29769,0
20594,1
21185,1
26782,0
20946,0
40233,0
2024,0
27084,0
41982,0
14642,1
39728,0
33923,0
24373,1
21080,1
5313,1
13825,1
22120,1
33755,0
38439,0
41706,0
36284,0
15699,1
19407,1
39196,0
29074,0
39809,0
17816,1
43037,0
38846,0
28392,0
31430,0
42129,0
32137,0
21304,1
33920,0
12800,1
19248,1
6060,1
42145,0
39048,0
35688,0
14413,1
25477,0
14825,0
27869,0
11959,1
17823,1
33534,0
10275,1
38314,0
574,1
34411,0
37969,0
10049,0
8830,1
28053,0
25004,1
39543,0
16203,1
15742,0
41239,0
6421,1
39770,0
25727,0
35463,0
11424,1
23680,1
15583,0
5962,1
30857,0
26876,0
9096,0
9376,1
25341,0
20547,1
5306,0
30776,0
25914,0
33817,0
12883,1
3831,0
42824,0
33699,0
4519,1
5880,1
3294,1
10386,1
14262,0
22481,1
1492,1
9434,1
5773,1
27966,0
35336,0
29076,0
34790,0
19246,1
25657,0
27019,0
28724,0
23018,0
1934,1
10128,1
41731,0
24127,1
35147,0
21204,1
18757,1
8931,0
20509,1
1477,0
33639,0
4339,0
29136,0
39227,0
42307,0
27786,0
44379,0
32013,0
33764,0
44567,0
17286,1
30403,0
21910,1
1954,1
17244,1
32792,0
25500,0
7993,1
35119,0
20825,1
22159,1
10610,1
4895,1
25233,0
35275,0
21315,1
9736,0
221,1
5259,1
39834,0
3847,0
33013,0
24784,1
27875,0
6175,1
42743,0
18415,1
42726,0
44337,0
23738,1
20344,1
29584,0
42590,0
5444,1
17202,1
34011,0
44381,0
9532,1
15904,1
31841,0
23397,1
31525,0
27458,0
13806,0
13992,1
22752,1
24783,1
38702,0
940,1
13489,1
33034,0
18399,0
12085,0
39531,0
13035,1
34340,0
37533,0
63,0
21718,1
36988,0
6861,1
28590,0
13516,1
12700,1
36468,0
35602,0
30932,0
34834,0
16776,1
44868,0
1090,0
8697,1
16496,1
31027,0
24573,1
8329,1
2319,1
9769,1
19352,0
4439,1
12963,1
25490,0
28756,0
42095,0
5434,1
327,1
32667,0
19263,0
13542,1
19646,1
35511,0
19819,1
34233,0
38284,0
26008,0
9896,1
31733,0
28862,0
37905,0
30743,0
42227,0
22330,1
36876,0
35629,0
36239,0
44624,0
29189,0
40609,0
43702,0
41320,0
20070,1
40914,0
12761,1
36653,0
12637,1
1289,1
22801,1
39153,0
18567,0
40415,0
29597,0
9265,1
25513,0
42373,0
19747,1
8923,1
7113,1
3013,1
28251,0
7179,1
11030,1
18721,1
9291,1
17275,1
9876,1
34188,0
38480,0
11429,0
18888,1
21106,1
19438,0
16470,1
39737,0
13364,1
32180,0
42729,0
41199,0
22095,1
28997,0
19823,1
12691,0
25622,0
7446,0
41383,0
23893,1
22193,1
35220,0
29717,0
23689,1
18748,1
3027,1
14655,1
28224,0
923,1
40259,0
23612,1
25247,1
32734,0
43990,0
24388,1
43479,0
39032,0
10769,1
28703,0
12652,1
5365,1
32634,0
14007,1
16715,0
43761,0
42859,0
41765,0
33161,0
797,0
24565,1
12745,1
21679,0
24547,0
8100,0
41446,0
34480,0
37717,0
13471,1
23978,1
44116,0
3302,1
30737,0
25022,1
40959,0
44445,0
33128,0
32718,0
31917,0
687,0
31999,0
13182,1
313,0
31154,0
31175,0
34308,0
9581,1
2688,0
24979,1
22402,1
9963,1
12439,1
42604,0
12107,1
9504,1
15359,1
10129,1
24232,0
39588,0
4763,1
11784,1
28210,0
36321,0
3324,0
5282,1
4117,1
13192,1
42569,0
8027,1
12093,1
19193,1
15902,0
32826,0
13836,1
44189,0
15794,0
37935,0
41516,0
31990,0
13835,1
14329,1
27511,0
41599,1
40681,0
25516,0
34264,0
1063,1
18811,1
6950,1
4622,1
34603,0
36313,0
24782,1
6515,0
7387,1
9698,1
11374,1
10582,1
3862,1
4675,1
9570,1
39725,0
2950,1
7607,1
7320,1
12232,1
32972,0
22456,0
44492,0
43181,0
8388,1
21336,1
19624,1
12624,1
1949,0
9561,1
10730,1
34852,0
35337,0
15526,1
21341,1
29051,0
35910,0
30969,0
21806,0
4618,1
34450,0
1239,1
1938,1
37526,0
18225,1
18403,1
43955,0
8546,0
11639,1
19560,1
18886,1
16000,1
40397,0
10234,1
4846,1
16070,1
35278,0
38762,0
13290,1
40684,0
23234,1
7594,1
43542,0
40564,0
37436,0
2812,1
33526,0
3274,1
11591,1
18706,0
6528,1
37647,0
25537,0
10650,0
2937,1
11864,1
3283,1
13180,1
12116,1
40357,0
21104,0
8934,1
32567,0
17104,1
828,0
36213,0
1383,0
22210,0
36209,0
36223,0
27438,0
3806,1
24482,1
28779,0
1646,1
40639,0
1255,1
39917,0
3242,1
9259,0
4481,1
29309,0
18510,1
9586,1
34182,0
27035,0
33601,0
20165,1
41861,0
12781,1
18059,1
27817,0
8548,0
32801,0
3180,1
44660,0
8122,1
5103,1
9321,1
42408,0
34752,0
10335,1
30401,0
9539,1
11861,1
12391,1
13637,1
9648,1
16411,1
35348,0
12518,1
38143,0
9873,1
2967,1
36932,0
233,1
24202,1
14961,1
14335,1
24453,1
35483,0
19397,1
42597,0
24512,1
14203,1
5723,1
20731,0
19732,1
39409,0
42847,0
7868,1
3043,1
31466,0
31779,0
31267,0
5512,1
10649,1
31373,0
28163,0
929,0
27496,0
17841,1
9362,0
17997,1
30802,0
6873,1
9439,1
29753,0
20012,1
29942,0
29305,0
8419,1
35572,0
1278,1
17817,1
18899,1
39638,0
23917,1
8817,0
10489,1
4799,0
15585,1
30671,0
31229,0
31624,0
1358,1
33459,0
8982,1
43209,0
41676,0
12717,1
22055,1
223,1
4532,0
31695,0
10792,1
15158,1
29,0
32024,0
25281,1
28728,0
6410,1
5687,1
40965,0
10132,1
32065,0
32640,0
29955,0
19218,1
26080,0
7377,1
15893,1
34542,0
37487,0
3570,1
22503,0
30670,0
31924,0
44048,0
38519,0
41594,0
39462,0
45240,0
8554,1
35761,0
24890,1
11998,0
11778,1
17827,1
27965,0
9832,1
40356,0
32271,0
37688,0
21097,0
25745,0
20359,0
38149,0
38767,0
38620,0
5620,1
1384,1
27781,1
27551,0
44807,0
30215,0
42149,0
9001,0
10656,1
37152,0
3569,1
14150,1
133,1
4787,1
1838,1
11741,0
41796,0
27021,0
37898,0
968,1
20297,1
20017,1
5479,1
40296,0
19481,0
35801,0
27851,0
7480,1
15117,1
36577,0
13618,1
44219,0
38327,0
24348,1
33766,0
24613,1
35598,0
1660,0
39296,0
44156,0
22464,1
198,0
25340,0
37087,0
24150,1
36373,0
8990,0
38707,0
38895,0
1643,0
20431,1
2310,0
25592,0
44929,0
6393,1
34647,0
8288,1
17999,1
5134,1
22808,1
36215,0
12754,1
28065,0
39775,0
20370,1
26063,0
11729,1
40400,0
32274,0
7476,0
5155,0
9782,1
7880,1
43781,0
41169,0
9284,1
37857,0
4284,1
17964,1
26276,0
8428,0
10571,1
25541,0
43950,0
38473,0
21039,1
39356,0
41087,0
33296,0
20847,1
31557,0
17602,1
40721,0
28506,0
40682,0
22158,0
17437,1
12189,1
35228,0
16735,1
23313,0
1599,1
29730,0
36524,0
27172,0
43256,0
14830,1
7687,0
44210,0
16039,1
546,0
35659,0
10087,1
23280,1
33969,0
11765,1
4954,1
37888,0
2955,1
37811,0
9066,0
25635,0
43704,0
38183,0
5968,1
21365,1
33074,0
17595,1
10585,1
29961,0
13648,1
23106,1
15985,1
6782,1
42667,0
38281,0
29665,0
20971,0
35340,0
39030,0
42945,0
19672,1
29154,0
39453,0
3436,1
44979,0
42627,0
23783,1
25482,0
27252,0
32906,0
26416,0
2538,1
6207,1
25106,1
40243,0
12999,1
5553,1
37887,0
17891,1
36297,0
11128,1
42130,0
19857,1
29773,0
18185,1
42806,0
8165,1
22098,1
39569,0
11116,1
17164,1
20640,0
5996,1
27004,0
11999,0
39916,0
1430,1
33905,0
26773,0
9828,0
37777,0
5632,1
42244,0
26352,0
28374,0
15612,1
13172,1
9762,1
12723,1
20163,1
37996,0
36453,0
8486,1
17047,0
3128,1
2149,1
20154,1
20733,1
17414,1
41500,0
32215,0
45234,0
15569,1
26415,0
41818,0
8246,1
6441,0
1645,1
3914,1
18264,1
41517,0
38298,0
29160,0
9414,1
24477,1
30508,0
15179,1
19658,1
28655,0
42329,0
31332,0
12805,1
4820,1
36897,0
25766,0
20878,1
4945,1
21226,1
776,0
40548,0
24354,0
33145,0
18988,1
41443,0
42385,0
42855,0
26343,0
18923,1
259,1
4582,1
36691,0
11849,1
39191,0
26477,0
31572,0
6852,0
3287,0
37722,0
21962,0
10578,1
3546,1
26029,0
10678,1
6765,0
20636,1
5832,1
14420,1
17098,1
44224,0
33406,0
31053,0
20561,1
10794,1
15603,1
18040,1
33334,0
15610,1
30594,0
1827,1
7649,0
33725,0
32102,0
2243,1
18337,1
19487,1
23396,1
28424,0
43557,0
20819,1
19736,1
12437,1
18100,1
15330,1
21669,1
32032,0
5825,0
28787,0
16585,1
15707,1
29512,0
35050,0
38842,0
4019,1
12546,1
17361,1
30136,0
33099,0
29531,0
31113,0
26256,0
29352,0
39691,0
35307,0
10024,0
6977,1
21629,1
29819,0
29616,0
39481,1
25717,0
28133,0
13118,0
595,1
14078,1
22757,1
35153,0
14430,1
32603,0
41002,0
27783,0
42956,0
24679,0
7567,0
30308,0
30665,0
13138,1
35984,0
24646,1
34350,0
29002,0
39015,0
11968,1
18942,1
8470,1
513,1
24910,1
39318,0
19157,1
10598,1
24796,1
39552,0
6374,1
28829,0
31982,0
15517,0
27442,0
33017,0
30955,0
35998,0
44618,0
32831,0
41161,1
20572,1
40794,0
23687,1
33800,0
16154,1
13619,1
28431,0
17529,0
3030,1
6362,1
5470,0
34809,0
11890,1
10162,1
43985,0
6551,0
15219,1
8850,0
42856,0
13466,1
4239,1
11899,1
12236,1
35158,0
5895,0
14443,1
8859,1
44217,0
17848,1
20634,1
2192,1
11070,1
21056,1
12433,1
3586,1
38159,0
25377,0
1127,1
283,1
17610,1
16598,1
23582,0
7149,1
21139,0
22294,1
22025,0
43095,0
1393,1
5882,1
6160,1
23003,1
733,1
21975,1
13745,1
17187,1
25252,1
28831,0
26584,0
40839,0
13317,1
23876,1
40152,0
22108,1
14353,1
1026,1
44992,0
22197,1
20013,0
4085,1
23256,1
43890,0
38322,0
31655,0
45223,0
6988,0
16164,1
36337,0
6526,1
2153,1
10066,1
31286,0
32172,0
8751,0
21424,1
44132,0
17967,0
26617,0
37964,0
1616,1
25627,0
33343,0
14867,1
16799,1
19968,1
33706,0
6890,1
43053,0
30380,0
35874,0
30810,0
33741,0
37928,0
39070,0
7239,1
23032,0
38351,0
12534,0
28073,0
31502,1
21470,1
39446,0
35061,0
37743,0
17295,0
3190,1
30359,0
8335,1
21984,0
18138,1
2820,1
41377,0
10318,1
7539,1
25836,0
8360,1
38349,0
32455,0
8592,1
3215,1
20341,1
11604,1
41431,0
3717,1
15688,0
10648,1
21584,1
21223,1
8540,1
3945,1
1414,1
3263,1
22269,1
5176,1
14932,1
31326,0
3634,1
26597,0
21710,1
1155,1
29623,0
4103,1
28806,0
31815,0
17086,1
38307,0
32505,1
44059,0
29690,0
28595,0
11431,1
6271,1
39946,0
40448,0
7138,0
40829,0
40693,0
11888,1
17707,1
43935,0
6567,1
19202,0
34330,0
6671,1
4638,1
42699,0
13899,1
25929,0
37188,0
15085,1
25083,1
29784,0
9234,1
22669,0
36881,0
9531,1
3920,1
42549,0
16921,1
37207,0
43782,0
21500,1
10423,1
10056,1
21313,1
7383,1
31473,0
10574,1
13073,1
33313,0
14854,1
6649,1
44902,0
39810,0
23205,1
28808,0
30420,0
5599,1
19663,1
17230,1
15630,1
38856,0
1618,1
24369,1
3188,1
42921,0
9239,1
23669,1
41515,0
39785,0
23972,1
12681,0
17357,1
34448,0
29689,0
33865,0
13345,1
28076,0
9565,1
14126,1
22991,1
11744,0
31855,0
5236,1
23666,1
28412,0
14823,1
17183,1
19399,0
13231,0
33733,0
15664,1
43654,0
11385,1
38769,0
27263,0
33784,0
11086,1
17819,0
12398,1
8568,1
20014,0
23623,1
10077,1
4475,0
44103,0
30335,0
11253,1
41307,0
40645,0
26162,0
5758,0
33527,0
2987,1
43295,0
16923,1
29655,0
42740,0
44207,0
40958,0
38990,0
30414,0
38860,0
18548,0
36031,0
29786,0
39905,0
35176,0
21838,1
32725,0
2050,0
25555,0
6982,0
7573,0
62,1
13449,1
36677,0
39528,0
27296,0
38188,0
11406,1
40893,0
15839,0
40119,0
384,0
23761,1
34593,0
27483,0
3696,1
10163,0
37714,0
2406,1
30351,0
18133,0
4892,1
27887,0
41931,0
36575,0
38429,0
20759,1
13593,1
37325,0
38379,0
21572,0
20675,0
41418,0
42544,0
39154,0
908,1
8029,0
44255,0
3661,1
4015,1
15490,1
18242,1
24449,1
27102,0
20617,1
44040,0
11802,1
26777,0
7988,0
11437,1
27081,0
9776,1
21029,0
35887,0
37725,0
34070,0
21364,1
17539,1
37444,0
2348,1
40670,0
4510,1
251,0
30171,0
19697,1
9922,1
27884,0
1705,1
3245,1
1981,1
25643,0
38251,0
28825,0
21347,1
25715,0
4108,1
14776,1
81,1
36275,0
16462,1
36749,0
8158,0
16397,1
41387,0
26246,0
39207,0
26293,0
14196,1
30402,0
8777,1
7755,1
36674,0
1339,1
37508,0
8549,0
41333,0
14988,1
42215,0
18301,1
43952,0
43854,0
44751,0
24497,1
12359,1
5126,1
43816,0
17899,0
35886,0
3712,1
27053,0
43442,0
15598,1
43486,0
15054,1
11915,1
41728,0
12570,1
35429,0
2283,1
6711,1
16460,1
4910,1
41623,0
7057,1
19924,1
15024,0
23247,1
10972,1
23938,1
26079,0
29440,0
3323,0
18315,0
35756,0
10297,1
36029,0
14887,1
33516,0
9462,1
39213,0
17157,1
10149,0
36969,0
38853,0
41578,0
9704,1
23324,1
4470,1
15472,1
30648,0
3491,0
3006,1
20313,1
43294,0
17839,1
36721,0
14271,0
14619,1
33196,0
16204,1
19694,1
26323,0
36111,0
45237,0
31069,0
7306,0
42114,0
38674,0
7800,1
30872,0
6406,1
4611,1
43325,0
26052,0
42793,0
14414,1
20131,1
38424,0
28181,0
44042,0
45152,0
17772,1
19227,1
26941,0
43983,0
3986,1
38253,0
18482,1
44454,0
18601,1
42518,0
21346,1
40375,0
20670,1
37046,0
11382,1
12326,0
36944,0
24651,1
26581,0
34943,0
13559,1
27048,0
21604,0
36694,0
23349,1
37529,0
45175,0
39966,0
39513,0
6145,1
24341,1
10325,1
1489,1
39527,0
33468,0
8092,1
38556,0
31600,0
22347,1
2903,1
20743,1
35505,0
44997,0
15313,1
8381,1
36494,0
30279,0
11193,1
36298,0
26250,0
40915,0
39146,0
1322,1
38466,0
29651,0
17170,1
31899,0
5096,1
38679,0
25965,0
43385,0
41272,0
9954,1
35580,0
22533,1
6128,1
14860,1
3312,1
32002,0
34398,0
27384,0
44533,0
7895,1
5053,1
16755,1
6188,1
17680,1
37593,0
18365,1
20713,1
14476,1
8933,1
17599,1
34940,0
32290,0
1207,1
2136,1
9558,1
23976,1
42420,0
19557,1
8858,1
8456,1
37755,0
31452,0
8907,1
35039,0
39720,0
1860,1
2711,0
41705,0
38014,0
24427,1
12485,1
330,1
34773,0
32473,0
3662,1
29844,0
9482,1
11541,0
1674,1
5241,1
40162,0
31904,0
76,1
5095,1
10697,1
14108,1
9910,1
29846,0
10809,1
43162,0
2716,0
20286,1
32210,0
1060,1
27234,0
13494,0
7639,1
15470,0
19927,1
42759,0
22825,1
34278,0
2282,1
25883,0
39344,0
28029,0
5520,1
23711,1
18912,1
31799,0
43112,0
8347,1
36971,0
5121,1
4866,1
12870,0
16956,1
14774,1
7515,0
32783,0
20320,1
40847,0
31275,0
25029,0
44498,0
27864,0
18768,1
4983,1
42547,0
4602,1
23609,1
6269,1
20659,1
38,1
18340,1
2363,1
45290,0
38644,0
22434,1
38022,0
2709,0
12780,0
3454,0
27159,0
10470,1
9390,0
29314,0
34655,0
18234,1
24980,1
34238,0
12569,1
18650,1
29046,0
38766,0
2966,0
37288,0
8815,1
2765,0
40954,0
29871,0
28439,0
41354,0
25389,0
6607,1
36509,0
43482,0
22839,1
41480,0
44034,0
5422,1
39013,0
15046,1
7619,1
26437,0
27287,0
40585,0
22854,1
8521,1
34352,0
10886,1
21671,0
13789,1
31834,0
38600,0
18093,0
36638,0
37134,0
1107,1
11908,1
39695,0
19616,1
6895,1
3729,0
38293,0
28791,0
30150,0
31843,0
43602,0
21348,1
27990,0
22386,0
36467,0
11009,1
29153,0
43813,0
4957,1
43440,0
3657,0
14237,1
23345,0
12933,1
24257,1
37590,0
19004,0
31153,0
19055,1
35458,0
43449,0
3260,1
2489,1
16603,0
31567,0
26196,0
38571,0
4400,1
9039,1
29281,0
8131,1
44540,0
29827,0
19261,1
4720,1
36683,0
2560,1
6292,1
15035,1
7469,1
21273,1
38329,0
15965,1
2570,1
29801,0
36757,0
39189,0
43628,0
39328,0
31941,0
19867,1
9309,1
44908,0
9456,1
28425,0
44860,0
29693,0
32715,0
23667,1
12669,1
44716,0
37466,0
38831,0
8409,1
36603,0
14391,1
42501,0
38186,0
39627,0
13261,1
7584,1
27095,0
22267,1
21084,1
28071,0
32573,0
5878,1
26238,0
7343,1
44977,0
25644,0
14060,0
18275,1
24833,0
34929,0
37503,0
19630,1
17667,1
11072,1
31914,0
3673,1
44626,0
29370,0
19273,1
26850,0
40512,0
17614,1
38220,0
25875,0
8322,1
16507,1
13616,1
43544,0
20218,1
13161,1
20828,1
6706,1
11853,1
23482,1
4186,1
14949,1
4825,1
33727,0
42827,0
25042,1
19433,1
25597,0
34106,0
22946,1
34729,0
28684,0
1698,1
8959,1
32877,0
23105,1
1004,1
7098,1
26344,0
2773,1
40156,0
11368,1
6123,1
33397,0
1223,1
20250,1
13758,1
18680,1
38445,0
40068,0
13300,1
29443,0
26514,0
10338,1
19454,1
21177,1
22653,1
9246,1
18246,1
17535,1
42675,0
7408,1
35584,0
18551,0
5589,1
21234,1
8074,1
28062,0
42810,0
8671,0
27667,0
23845,1
16172,1
13932,1
32898,0
21884,1
35363,0
29083,0
37784,0
38557,0
10534,1
26780,0
15218,1
24015,1
3318,1
4409,1
14306,1
43891,0
17353,1
18009,1
5059,1
28472,0
31883,0
32309,0
44267,0
35747,0
31251,0
34150,0
26363,0
31644,0
21831,1
13418,1
32584,0
7919,1
23604,1
7894,1
14875,1
3922,0
35535,0
13350,1
2453,1
39099,0
2005,0
1647,1
26662,0
14647,1
18205,1
40711,0
18385,1
8231,1
34520,0
16267,1
22459,1
11932,1
10288,1
3381,1
22929,1
27198,0
28651,0
34395,0
3372,1
4156,0
1523,1
2715,0
38316,0
17005,1
38506,0
12817,1
24051,1
22484,1
20677,1
25067,0
22225,1
36220,0
38670,0
32624,0
25305,0
44771,0
40088,0
33143,0
12703,1
37267,0
2284,0
42608,0
32460,0
39623,0
24120,1
9927,1
17382,1
2468,1
36658,0
7806,1
33507,0
41434,0
34337,0
13700,1
23513,1
28989,0
29837,0
21938,1
26868,0
3869,1
17185,1
21995,1
22286,1
30600,0
35073,0
37204,0
10577,1
26001,0
18885,1
11883,1
3424,1
8458,1
7453,1
8343,1
21038,0
8736,1
11510,1
13146,0
34103,0
3905,0
41738,0
23401,1
16412,1
36385,0
31716,0
40969,0
33029,0
23940,1
31293,0
44401,0
333,1
11040,1
26762,0
42964,0
31771,0
41987,0
2996,1
21368,1
1419,1
7243,0
21942,1
6300,1
7979,1
14817,1
2484,1
18118,1
44361,0
42512,0
6678,1
43400,0
25954,0
21750,0
3676,1
33702,0
15619,1
28604,0
40884,0
15871,1
15304,1
31620,0
44415,0
37222,0
24817,0
37820,0
38713,0
11459,1
26726,0
13284,0
16623,1
31339,0
25525,0
13224,1
31333,0
22362,1
22730,1
26664,0
22908,1
7474,1
29128,0
10695,1
40970,0
27475,0
42698,0
23058,1
24836,1
24749,1
13952,1
3383,1
42479,0
35392,0
18796,1
42382,0
26177,0
5006,1
12762,1
26947,0
23980,1
2657,1
33357,0
11868,1
15414,1
37025,0
21426,0
23140,1
31775,0
2543,0
44239,0
23183,1
15761,1
1630,1
35468,0
11412,1
29884,0
2176,0
41840,0
31121,0
14493,1
29101,0
7586,1
39881,0
8397,1
29064,0
35695,0
33756,0
3700,0
14751,1
8326,0
25946,0
24947,1
4387,0
23926,1
30477,0
13409,1
35576,0
32858,0
13277,1
32047,0
13871,1
40876,0
37153,0
11702,1
38213,0
45036,0
15586,1
42131,0
36829,0
31780,0
10401,0
7452,1
9757,0
21585,1
39621,0
4303,1
16895,1
4376,1
43217,0
40550,0
5998,1
4790,1
11818,1
6864,0
45049,0
39327,0
37354,0
43911,0
4025,1
39842,0
39593,0
22967,1
27806,0
6856,0
6395,1
42770,0
38630,0
15442,1
29334,0
17754,1
42537,0
19706,1
38995,0
38433,0
30428,0
23457,1
187,1
33562,0
1869,1
45193,0
37881,0
11104,1
12477,1
29847,0
30820,0
17225,1
7551,1
36490,0
45293,0
22141,1
31272,0
1208,1
30888,0
16998,1
40870,0
27118,0
19862,1
17261,1
2802,1
29170,0
25167,1
43867,0
5222,1
36967,1
4530,1
16785,0
15776,0
10466,1
13252,1
8050,1
1799,0
27254,0
21538,0
14187,1
27716,0
35302,0
19952,1
33454,0
24955,1
30163,0
17781,1
11941,1
25244,1
20672,1
36847,0
5668,1
22061,1
23103,1
2503,1
15460,0
13867,1
9117,1
32837,1
25395,0
33335,0
3219,0
32019,0
43710,0
36995,0
17906,1
27557,0
37186,0
44279,0
17612,0
32276,0
39156,0
5801,1
10218,1
12775,1
18487,1
5380,0
31493,0
96,1
30993,0
6952,1
3908,0
32711,0
2202,0
12397,1
25641,0
1494,1
6636,1
13567,1
9500,1
15547,1
21747,1
32673,0
36410,0
35951,0
13981,0
23246,0
28748,0
40297,0
29723,0
6618,1
36360,0
6477,1
29288,0
15254,1
44036,0
13983,1
2777,1
31898,0
36678,0
3146,1
41042,0
16564,1
33999,0
37293,0
1852,1
23860,0
36505,0
21395,0
35821,0
15798,1
14565,1
11342,1
15279,1
39956,0
25585,0
39398,0
34866,0
31318,0
42074,0
18552,0
9669,1
36433,0
37499,0
41788,0
22553,1
22634,1
26113,0
30143,1
24429,1
12556,1
32374,0
37249,0
23282,1
11994,1
35169,0
39839,0
41200,0
33863,0
28092,0
26066,0
40179,0
13235,1
29055,0
24246,1
34401,0
41483,0
35492,0
4383,1
10400,1
1497,1
15960,0
10722,1
5610,1
3310,1
29685,0
44021,0
38518,0
28266,0
6408,1
4707,1
4067,1
11004,1
26699,0
29243,0
21349,1
22555,1
23974,1
28061,0
34474,0
36274,0
4854,1
15512,1
27423,0
17576,1
11436,1
7490,1
16468,1
18626,1
37950,0
1723,1
13166,1
4594,1
6703,1
5314,1
19875,1
20784,1
21909,1
38868,0
22418,1
36243,0
6367,1
14798,1
41334,0
12471,1
23792,1
22182,1
28544,0
41055,0
20901,1
22511,1
14568,1
22079,1
34868,0
4395,1
41991,0
36177,0
42456,0
43612,0
38144,0
31246,0
8422,1
30245,0
8497,1
23547,1
37754,0
14020,1
1122,1
34882,0
9340,1
37907,0
43796,0
976,1
22709,1
42433,0
326,0
34891,0
19323,1
42694,0
36519,0
2276,1
5788,0
21548,1
19601,1
44994,0
14488,1
41511,0
23270,1
13557,1
17872,0
5117,1
36547,0
43248,0
38828,0
44756,0
42254,0
40816,0
38107,0
31867,0
10559,1
9705,1
14045,0
41653,0
44602,0
4836,1
28583,0
19181,0
34125,0
17536,1
6458,1
3011,1
39230,0
23933,1
2933,1
3879,1
26315,0
25235,1
41139,0
30068,0
34837,0
21541,1
17334,1
9603,1
8512,1
11080,1
32299,0
19305,1
35957,0
13781,1
34661,0
21189,1
20429,0
5312,1
34563,0
37807,0
27488,0
22577,1
25601,0
21875,1
17748,1
44999,0
16019,1
41707,0
6258,1
5557,1
11244,0
42742,0
34196,0
11610,1
13303,1
6981,1
14929,1
30555,0
29497,0
41804,0
34245,0
24705,1
45148,0
37551,0
18429,1
32883,0
44404,0
15077,1
9541,1
21381,1
32874,0
9649,1
16862,1
21602,0
19780,1
18903,1
11844,1
41075,0
19124,1
19503,1
23221,1
16084,1
35261,0
18362,1
30482,0
32593,0
2482,1
33229,0
42603,0
14112,1
43331,0
31300,0
28562,0
7425,1
2359,0
2022,0
494,1
40373,0
37504,0
38991,0
16771,0
16875,1
10887,1
31424,0
30631,0
22403,1
39943,0
27397,0
40041,0
14368,1
11521,1
3556,0
21324,1
40345,0
24617,0
38693,0
43855,0
8722,1
30765,0
32964,0
42950,0
19587,1
35863,0
35445,0
25684,0
22756,0
34173,0
41697,0
18054,1
41340,0
26566,0
12466,1
24564,1
43522,0
1310,1
9179,0
25551,0
5563,1
37595,0
9587,1
588,1
14310,0
44528,0
19272,1
12044,0
21327,0
42421,0
27462,0
44335,0
28298,0
39425,0
12808,1
627,1
1924,1
36133,0
43555,0
41833,0
8772,1
9774,1
25514,0
30049,0
29372,0
13668,1
31379,0
13633,1
29169,1
16119,0
10282,0
41417,0
27030,0
10938,1
30278,0
31427,0
25931,0
29722,0
28739,0
9402,1
10756,0
10607,1
23822,1
23387,1
22162,1
33057,0
15106,1
17329,1
9999,0
16690,1
39888,0
38297,0
41684,0
22217,1
39619,0
31979,0
35417,0
14042,1
12851,1
14166,1
39519,0
30097,0
8630,1
23521,1
44574,0
33036,0
15793,1
14753,0
29541,0
28077,0
33885,0
5455,1
16500,0
30871,0
17688,1
11182,1
7848,1
29862,0
40714,0
19772,1
6250,1
23813,1
6492,1
23088,1
10895,1
27737,0
27951,0
25809,0
20669,1
25391,0
16548,0
29787,0
21442,0
3990,1
42025,0
38843,0
32228,0
8822,1
31169,0
33363,0
14658,1
41781,0
3706,1
10613,1
38278,0
12348,1
40339,0
7635,1
5488,1
4314,0
2327,1
19544,1
32055,0
42661,0
34838,0
36886,0
5288,1
13434,1
489,1
15819,1
17842,1
38478,0
33151,0
38809,0
8424,1
28238,0
35476,0
4406,1
1042,1
20877,1
11549,1
35818,0
23506,1
23333,1
4951,0
26404,0
24604,0
12192,1
5675,1
2365,1
42376,0
4642,1
13987,1
39693,0
11878,1
19725,1
9000,1
7447,1
16663,1
40700,0
41196,0
30162,0
5343,0
164,0
22426,1
25399,0
3751,1
38441,0
11992,1
38237,0
23991,1
25934,0
44710,0
17548,0
19307,1
21035,1
27897,0
20288,0
23698,1
30745,0
29576,0
39540,0
26037,0
21402,1
10,1
26371,0
39817,0
10266,1
5943,0
3208,1
26041,0
13044,1
11435,0
10773,1
34315,0
23911,1
24976,1
9297,1
21268,1
28679,0
16817,1
36278,0
7371,1
44393,0
28613,0
14104,1
41040,0
11490,1
20887,1
21856,1
36492,0
31543,0
19915,0
44527,0
21090,1
33169,0
7208,0
30588,0
40486,0
29702,0
15878,1
4342,1
28232,0
16357,1
16159,1
6753,1
15113,1
41061,0
32107,0
23264,1
20453,1
33903,0
32977,0
38536,0
39953,0
15940,1
27020,0
5678,1
14764,1
44305,0
33250,0
34162,0
3269,1
25531,0
20937,1
25636,0
32926,0
31283,0
17102,1
44586,0
43683,0
5371,0
23089,1
29071,0
24243,1
34932,0
17035,1
40056,0
12285,1
40633,0
17041,1
26497,0
37865,0
23481,1
6720,1
8840,0
20144,1
25327,0
18590,1
3232,1
5363,0
18598,1
35893,0
32341,0
31198,0
565,1
22767,1
8837,1
31573,0
1520,1
3919,1
43679,0
10511,1
14040,0
40513,0
22140,1
30455,0
38145,0
44165,0
8207,1
28273,0
37536,0
40392,0
18665,1
33458,0
11318,1
16213,0
87,1
5975,1
14289,1
32578,0
33852,0
33754,0
36480,0
20319,1
37441,0
37596,0
14294,1
22178,1
4946,0
1810,1
39424,0
30362,0
43836,0
19498,0
20565,1
34076,0
28060,0
29078,0
40055,0
26645,0
20772,1
6257,1
13086,1
40526,0
44091,0
9063,0
24771,1
17319,1
36887,0
18756,1
26451,0
6238,1
6192,0
16936,1
30663,0
36039,0
17483,1
27364,0
38948,0
20192,0
15065,1
38911,1
10159,1
17673,1
34133,0
43210,0
27896,0
24131,1
10993,1
30392,0
43245,0
20141,1
13518,1
2046,1
27831,0
31359,0
4386,1
20455,1
31218,0
9679,0
37848,0
19260,1
21870,1
30252,0
42121,0
16784,0
45253,0
10655,1
6999,1
36825,0
36458,0
12403,1
43908,0
32535,0
31714,0
5747,1
19062,1
25661,0
40413,0
21811,1
42746,0
33052,0
44055,0
34013,0
30667,0
42170,0
17766,1
43921,0
20585,1
28863,0
27928,0
37119,0
21510,1
15306,0
252,1
33127,0
22103,1
1716,1
36483,0
28995,0
17638,1
18317,1
10223,1
2558,0
34065,0
30720,0
39054,0
471,1
11229,0
9914,1
10806,1
28918,0
22913,1
43051,0
14760,1
18968,0
36762,0
28766,0
11573,1
12,1
27755,0
2705,1
9902,1
42733,0
9639,1
36292,0
33194,0
44773,0
45247,0
33068,0
10384,1
7062,1
27924,0
6120,1
33904,0
20195,1
5912,1
22342,0
39554,0
13578,1
39910,0
32626,0
2809,1
24408,1
13939,1
2490,1
3089,1
6208,0
43315,0
29758,0
5036,1
19871,1
19635,1
9392,1
6905,1
38249,0
23834,1
38969,0
33493,0
32397,0
21451,0
40387,0
35704,0
30486,0
43426,0
37305,0
18064,1
36584,0
41028,0
37488,0
29513,0
45113,0
23113,1
32540,0
24471,1
34968,0
5408,1
26218,0
39294,0
2146,1
44904,0
10005,1
32362,0
42463,0
43863,0
26194,0
9163,0
17907,1
30082,0
3770,1
26494,0
26434,0
33622,0
6088,1
26595,0
897,1
632,0
19816,1
7624,1
40294,0
11581,0
37724,0
30591,0
11731,1
9198,0
22656,1
37359,0
24827,1
19757,1
12882,1
21385,0
16531,1
7702,1
21239,1
45214,0
4333,1
42087,0
41780,0
12598,1
18288,0
8464,1
18820,0
35487,0
34879,0
41657,0
24457,1
7139,1
43017,0
33901,0
33419,0
36637,0
40194,0
22568,0
2521,1
3405,1
40369,0
2143,1
10995,1
42213,0
24043,1
42473,0
26866,0
11478,0
34802,0
33765,0
19603,1
41274,0
1920,1
41315,0
20597,1
12498,1
34444,0
14861,0
42181,0
23021,0
978,1
43278,0
30188,0
6563,1
42368,0
9526,1
36627,0
7024,1
5858,1
7274,1
35869,0
5744,0
29950,0
12184,1
8693,1
40184,0
29395,0
30893,0
45209,0
40966,0
9835,1
25216,1
9122,1
23399,1
16269,1
3255,1
37609,0
43869,0
21627,0
36193,0
6328,1
35140,0
35347,0
5012,1
18089,1
3094,1
14399,0
25870,0
36537,0
19029,1
27581,0
21489,1
9417,0
10548,1
5914,1
36986,0
10858,1
35986,0
1566,1
2714,1
27647,0
5477,1
38084,0
43060,0
37328,0
16067,1
22037,0
11421,1
35382,0
13718,1
39505,0
18592,1
31396,0
1211,1
39127,0
1292,1
43980,0
6898,1
41715,0
12445,1
7748,1
39798,0
16066,0
10368,1
5430,1
6459,1
23253,1
23579,0
21558,1
2952,1
29474,0
39131,0
7891,1
20145,1
33152,0
1663,1
28897,0
34635,0
44496,0
10657,1
14067,0
5158,0
8873,1
20265,0
34760,0
25289,1
20739,1
34567,0
31536,0
623,0
22476,1
9566,1
25116,1
33434,0
36279,0
20506,0
35146,0
33870,0
29206,0
44024,0
34266,0
24688,1
15372,0
5536,1
10672,1
1110,1
38582,0
12522,1
13866,1
18140,1
27082,0
22221,1
39893,0
6126,1
13838,1
6756,1
10396,1
22556,1
35940,0
20831,1
4221,1
29515,0
3126,1
15574,0
13427,1
29452,0
13779,1
17350,0
33009,0
23597,1
9964,0
7724,1
7087,1
4319,1
6810,1
19129,1
4140,1
14946,1
13311,1
31857,0
42386,0
12407,0
12129,0
20414,1
23809,1
21406,0
18279,0
21972,1
40490,0
2210,1
6922,1
32319,0
16664,1
40092,0
3999,0
31788,0
23565,1
19348,1
20210,1
6104,1
13344,1
29433,0
34487,0
39457,0
42936,0
2443,1
25181,0
6430,1
37073,0
18869,1
25108,0
30650,0
19015,1
13664,1
18959,1
39132,0
45033,0
43755,0
4097,0
15998,1
10328,1
22099,1
13491,1
17625,0
40059,0
10202,0
41308,0
39169,0
1007,1
28389,0
39452,0
34695,0
12057,1
26028,0
44668,0
33594,0
38949,0
23437,1
25,1
2459,1
20952,1
27145,0
34042,0
24988,1
14235,1
5066,0
16125,0
8398,0
19281,0
17302,1
17591,1
13155,0
11339,1
16361,1
29548,0
2995,0
13437,1
32304,0
37986,0
29237,0
25134,1
7823,1
8966,0
21108,1
2875,1
4947,1
17773,0
40364,0
1276,1
3792,1
14302,1
32577,0
21000,1
14435,1
35478,0
35401,0
5077,1
32311,0
45183,0
44980,0
20799,1
14125,1
28912,0
10543,1
43806,0
24116,1
42996,0
35786,0
4236,1
36434,0
36935,0
34438,0
39643,0
9312,1
23901,1
15028,1
42915,0
38320,0
23603,1
23896,1
12589,1
7717,0
7541,1
90,1
14421,1
7802,1
18074,1
32203,0
23155,1
17505,1
25944,0
31388,0
27208,0
458,1
8349,1
13083,1
9815,0
39547,0
723,0
15121,1
6143,1
30618,0
28352,0
27,1
15277,1
28258,0
21331,1
29327,0
31663,0
7372,1
18858,1
21876,1
10274,1
7937,1
35760,0
11167,1
306,1
42453,0
35961,0
33065,0
22497,0
19459,1
20157,1
11486,1
16395,1
31187,0
22763,1
41672,0
24205,1
14,1
42468,0
38939,0
42119,0
6236,0
1974,1
3942,1
37947,0
39759,0
27853,0
33311,0
21438,1
21322,0
9472,1
30767,0
123,0
27155,0
14518,1
29019,0
31901,0
17575,0
14663,1
34486,0
1978,1
33806,0
13735,1
8437,1
24800,1
26857,0
38700,0
34476,0
8460,1
5286,1
29699,0
15363,1
38617,0
22494,0
38915,0
19474,1
25524,0
43154,0
18336,1
30655,0
23233,0
16714,1
16186,1
25869,0
6897,1
44530,0
10515,1
43906,0
43778,0
20056,1
20520,1
9401,1
35800,0
5143,1
31547,0
1637,0
5413,1
26159,0
3402,1
38778,0
34028,0
44362,0
10851,1
17856,1
18396,1
29936,0
32511,0
36150,0
3594,1
18758,1
27843,0
25624,0
13526,1
39875,0
30895,0
13868,0
9823,0
2628,0
44520,0
16420,0
39889,0
9703,1
31734,0
23530,0
38036,0
6946,1
19997,1
16325,1
37481,0
25842,0
9860,0
13479,0
41313,0
43754,0
6419,1
41288,0
40081,0
169,1
41769,0
35005,0
37065,0
9145,1
17330,1
28297,0
27702,0
31937,0
5498,1
21409,0
35710,0
16773,0
27148,0
41727,0
3061,1
21878,0
22657,0
32830,0
30589,0
29761,0
4092,0
42636,0
16543,1
33066,0
229,1
32351,0
20906,1
42506,0
20190,1
19986,1
36068,0
33354,0
37900,0
44506,0
24737,0
35246,0
40819,0
42435,0
11279,1
34090,0
26249,0
31439,0
37250,0
41128,0
2645,0
19271,1
32251,0
24470,1
2897,1
38330,0
14890,1
4201,1
16938,1
27520,0
18355,1
13316,1
26361,0
42325,0
33448,0
24648,1
30688,0
22668,0
30442,1
26305,0
36489,0
5560,1
29622,0
29805,0
22987,1
31214,0
36725,0
42804,0
9754,0
38028,0
43750,0
23341,1
17523,1
39228,0
39906,0
37200,0
7918,1
5888,1
44511,0
42957,0
42829,0
34532,0
23695,1
39514,0
2294,1
31637,0
39860,0
5716,1
31374,0
39985,0
27372,0
31438,0
6442,1
14591,0
17620,1
41645,0
41318,0
35232,0
10977,1
24244,1
11648,1
19809,1
10711,1
9995,1
44824,0
44231,0
13440,1
30435,0
36119,0
41630,0
32213,0
23600,1
3050,1
9741,0
23899,1
35106,0
20270,1
10840,1
7085,0
36073,0
30220,0
22761,1
33705,0
16230,1
5290,1
8337,1
31143,0
35627,0
10796,1
7852,1
31987,0
40015,0
44173,0
26132,0
4604,1
13039,1
20519,1
32314,0
7699,1
40861,0
32606,0
18106,0
5688,1
13232,1
8217,1
27429,0
20663,1
21532,1
30883,0
18881,1
35202,0
34504,0
28520,0
22436,1
3036,1
23861,0
39137,0
26067,0
9503,1
24712,1
22683,1
21046,1
27140,0
37791,0
37736,0
23056,1
11979,1
31467,0
43269,0
42723,0
25558,0
42973,0
13548,1
32185,0
35027,0
24939,1
16726,1
19400,1
39702,0
31021,0
35734,0
15859,1
24865,1
25208,1
21021,1
8487,1
16490,1
5635,1
13929,1
30500,0
33141,0
22587,1
41208,0
5660,1
27878,0
38072,0
32940,0
6969,1
23311,1
44909,1
9158,0
29039,0
38352,0
10719,1
2579,1
4669,1
7009,1
13423,1
37038,0
7538,1
3641,1
44159,0
9552,1
27872,0
29579,0
12164,0
32240,0
41725,0
884,1
29097,0
7632,1
6717,1
21808,0
6334,1
8809,1
29077,0
26680,0
9448,0
6650,1
18964,0
37313,0
1172,1
29144,0
20232,1
13077,0
17833,1
45285,0
2420,1
29941,0
44047,0
27593,0
9816,1
4049,1
41159,0
21587,1
881,1
36820,0
43532,1
43546,0
1461,1
7166,1
44340,0
17812,1
3095,0
42188,0
21620,1
25240,1
35684,0
24818,1
20011,0
32156,0
6189,1
9635,1
13714,1
25424,0
2525,1
43584,0
41749,0
44968,0
35281,0
5631,1
14671,1
6133,1
39033,0
8804,1
32845,0
11816,1
27845,0
6627,1
31591,0
24004,1
27456,0
36513,0
23332,1
27978,0
15868,1
15764,1
24606,0
45042,0
11857,1
26745,0
14613,1
30406,0
31456,0
34659,0
1018,1
32713,0
22805,1
30430,0
10757,1
12493,0
2166,1
34679,0
22289,1
35196,0
34613,0
39595,0
4524,1
28020,0
22415,1
19237,1
1772,1
17543,1
40983,0
4056,1
5212,1
45163,0
22694,0
30394,0
34215,0
11978,1
14717,1
15903,1
13679,1
460,1
31137,0
34819,0
9640,1
37882,0
11089,1
3856,1
30832,0
986,1
17621,1
31227,0
298,1
25437,0
29429,0
4889,1
18693,1
42677,0
2225,0
19992,1
22697,0
18268,1
45088,0
1811,1
18496,1
7514,1
6511,1
343,1
26133,0
36860,0
2548,1
18313,0
26877,0
26482,0
206,0
40206,0
41083,0
17296,1
13912,1
33227,0
31689,0
17598,1
18460,1
16554,1
19226,1
5789,1
42968,0
13388,1
20750,1
26471,0
19599,0
14512,1
34485,0
35136,0
24041,1
32154,0
28540,0
43432,0
710,1
7461,1
26517,0
10558,1
5611,1
10182,1
5628,0
42178,0
18331,1
40929,0
886,1
5759,1
19083,1
21756,1
37818,0
35582,0
25339,0
19563,1
25390,0
22039,1
42360,0
39553,0
2527,1
768,0
42990,0
44157,0
1194,0
14964,1
34731,0
42364,0
1937,1
43611,0
15280,0
31161,0
14736,1
44278,0
1606,1
40831,0
43136,0
35493,0
11161,1
16077,1
13522,1
33576,0
31435,0
17390,1
7775,0
35078,0
26507,0
32014,0
6976,1
42302,0
28381,0
1168,1
15642,1
41548,0
37896,0
42682,0
43092,0
14564,1
36409,0
40727,0
13308,1
8867,0
40625,0
33422,0
24961,1
12157,0
3164,1
43087,0
37300,0
23508,1
2357,1
6991,1
40202,0
26650,0
4389,1
39555,0
39468,0
8667,0
15463,1
19685,1
6628,1
33961,0
42687,0
43156,0
35437,0
19100,0
12918,1
32610,0
29627,0
39396,0
2396,1
33513,0
27222,0
20046,1
21058,1
35845,0
42268,0
29414,0
23808,1
41510,0
42862,0
39323,0
15426,1
19540,1
23173,1
34546,0
36512,0
39435,0
42399,0
36402,0
28098,0
39319,0
15186,1
18956,1
38801,0
40875,0
19395,1
7982,1
37332,0
38695,0
18507,1
6024,0
24798,1
39819,0
22775,1
23664,1
38185,0
29896,0
35696,0
22041,1
27989,0
22504,1
2908,1
4244,0
20380,1
4078,1
35114,0
6286,1
31973,0
44450,0
14408,1
12198,1
35464,0
29341,0
29383,0
13568,1
30490,1
1084,1
19861,1
9708,0
37615,0
39122,0
40439,0
34388,0
45115,0
43507,0
1880,1
28886,0
6027,1
19349,1
41621,0
31158,0
322,1
13298,1
36961,0
40076,0
1051,1
22445,1
15799,1
11709,1
19267,1
19946,0
13057,1
9224,0
36159,0
17741,1
35983,0
42075,0
17802,1
43764,0
33375,0
19737,1
600,1
1472,0
36339,0
11695,1
7429,1
20273,1
19700,0
24056,1
10208,1
9605,1
42623,0
29147,0
13604,1
6366,1
18016,1
1622,1
1256,1
864,1
11073,1
28677,0
9958,0
24635,1
34390,0
32103,0
19583,1
3890,1
44006,0
21665,1
17549,1
32550,0
24074,1
5203,1
44228,0
15387,1
16455,1
43233,0
19566,1
10246,0
2857,1
3521,1
8479,1
20934,1
16635,1
15278,1
4040,1
38354,0
27776,0
23289,0
3145,1
36565,0
5594,1
11171,1
23478,0
36329,0
28980,0
2,1
29676,0
3112,1
1806,1
8298,1
24710,1
3867,1
26890,0
4114,0
21521,0
37220,0
25251,1
25422,0
625,1
9394,1
33968,0
31928,0
6401,1
8584,1
43812,0
20088,1
6382,1
32081,0
40742,0
38857,0
38609,0
34300,0
22716,1
25071,1
3644,0
23255,1
4949,0
32773,0
44859,0
12977,1
16112,1
701,1
9638,0
41063,0
34467,0
8264,1
20886,1
34948,0
28901,0
34272,0
20900,1
34289,0
34778,0
9956,1
41214,0
18837,1
43763,0
11798,1
15887,1
44990,0
41167,0
19165,1
24614,1
37173,0
17042,1
32689,0
9381,0
4791,1
29848,0
26122,0
11249,1
23796,1
13589,1
40777,0
25497,0
20621,1
37742,0
22984,1
32717,0
26603,0
31634,0
1031,1
6778,1
31159,0
4000,1
24331,1
36066,0
31545,0
29047,0
26487,0
21095,1
44616,0
3592,1
20439,1
4130,1
39397,0
14582,1
42289,0
29130,0
38469,0
20153,0
25304,0
14292,0
21089,1
25963,0
21748,0
32648,0
26266,0
19523,1
4006,1
11371,1
31371,0
30076,0
36354,0
45031,0
43825,0
16964,0
12747,1
3141,1
12964,1
18244,1
39814,0
3678,1
28372,0
7672,1
23362,1
34207,0
42391,0
1597,1
20654,0
41851,0
29282,0
28497,0
14460,1
9731,0
16222,0
27950,0
12201,1
10932,1
35965,0
3987,1
9560,1
42686,0
13926,1
24480,1
25933,0
37113,0
35890,0
42043,0
1510,1
21271,1
3433,1
25274,1
3022,1
25937,0
22251,1
37538,0
22096,1
10461,0
17597,1
43410,0
33040,0
23781,1
33207,0
15687,1
34696,0
38692,0
42054,0
25835,0
38972,0
42531,0
30473,0
29921,0
24839,1
16901,0
4302,1
1892,1
31936,0
1109,1
34248,0
37176,0
40322,0
12212,1
14763,1
43481,0
3834,1
29135,0
19945,0
13336,1
42795,0
40252,0
36532,0
8711,0
28904,0
19677,1
23708,1
31008,0
15533,1
27789,0
9572,0
2582,1
13470,1
32249,0
37461,0
33317,0
34199,0
42073,0
7154,1
14710,1
999,0
39972,0
38481,0
42002,0
16476,1
8813,1
10810,0
